,Attribute,Occur,Perc
0,ID,10527,100.0
1,Categories,10527,100.0
2,Class,10527,100.0
3,Description,10527,100.0
4,Genus,10527,100.0
5,Image,10527,100.0
6,Kingdom,10527,100.0
7,Order,10527,100.0
8,Phylum,10527,100.0
9,References,10527,100.0
10,Species,10527,100.0
11,Wiki URL,10527,100.0
12,Binomial Name,10526,99.99050061745987
13,Family,10519,99.92400493967892
14,Conservation status,9852,93.58791678540895
15,Country,7504,71.28336658117223
16,Habitat,4966,47.17393369430987
