,Attribute,Occur,Perc
0,Categories,10761,100.0
1,Class,10761,100.0
2,Description,10761,100.0
3,Genus,10761,100.0
4,Image,10761,100.0
5,Kingdom,10761,100.0
6,Order,10761,100.0
7,Phylum,10761,100.0
8,References,10761,100.0
9,Species,10761,100.0
10,Wiki URL,10761,100.0
11,Binomial Name,10760,99.99070718334727
12,Family,10753,99.92565746677819
13,Conservation status,10058,93.4671498931326
14,Country,7635,70.95065514357401
15,Habitat,5038,46.817210296440855
